hash,Openness_experience,Intellect,Openness,Conscientiousness,Industriousness,Orderliness,Extraversion,Assertiveness,Enthusiasm,Agreeableness,Compassion,Politeness,Neuroticism,Volatility,Withdrawal,Anger_reaction,Disgust_reaction,Fear_reaction,Joy_reaction,Sadness_reaction,Surprise_reaction,Anger_baseline,Disgust_baseline,Fear_baseline,Joy_baseline,Sadness_baseline,Surprise_baseline,Country_Birth,Gender,Education,Language,Nationality,Publication,Age
00df03f53d53a2e3e32052b1c5a6a34f958773d6,3.55,4.2,2.9,3.4,3.9,2.9,3.1,3.3,2.9,3.85,3.7,4,1.9,1.8,2,2.166666667,2.666666667,2.5,2.166666667,2,3.666666667,1,1,1,2,1,1,Ireland,Male,Bachelor's Degree,English,Irish,Yes,50
04a579b9da02f9d2fae2b28775c81b623aac8e9b,3.45,3.4,3.5,2.9,3.4,2.4,3.25,3.3,3.2,3.65,3.7,3.6,3.05,3.6,2.5,1.333333333,1.666666667,1.333333333,3.166666667,2,3,1,1,1,2,1,3,Pakistan,Male,Bachelor's Degree,English,British,No,54
051e9ca781614d3ea9f487741e131024495b237b,2,1.9,2.1,4.2,4.4,4,4.3,4.6,4,1.95,2.1,1.8,3.05,3.6,2.5,2.166666667,2.166666667,1.666666667,2.166666667,1.333333333,2.333333333,3,4,1,3,1,1,United Kingdom,Female,Master's Degree,English,English,No,31
055e431c004175cb182f8790803f37f156cf35ed,3.65,4.2,3.1,2.75,3,2.5,3.2,2.9,3.5,3.85,4,3.7,3.35,3,3.7,1.333333333,1.333333333,1.5,2.166666667,2.166666667,1.833333333,1,1,2,3,2,2,United Kingdom,Male,Bachelor's Degree,English,English,No,36
05bb64e279f72c72e4acd9ccbae0a93ceb555a84,3.2,2.8,3.6,2.9,3,2.8,3.35,3.1,3.6,3.7,3.5,3.9,2.7,2.3,3.1,2.166666667,3.333333333,3.166666667,2.666666667,3.333333333,4.666666667,1,1,2,4,3,1,United Kingdom,Female,High School Diploma,English,English,Yes,42
06507cc2ee1b8099dfcd56a8aefb92feffee5aae,3.35,3.8,2.9,3.95,4.3,3.6,3.7,3.1,4.3,3.95,3.9,4,1.95,2.1,1.8,2.5,3,2.166666667,1.166666667,2.833333333,2.666666667,1,1,1,3,1,2,Germany,Female,Bachelor's Degree,German,German,No,24
09d73c5bd30e5673dc359a8ac20ae4129c834021,3.95,3.6,4.3,3.2,2.3,4.1,3.3,2.6,4,4.45,5,3.9,4.4,4.3,4.5,1.333333333,2.333333333,2.666666667,2.166666667,2.333333333,2.333333333,3,2,2,2,4,1,United Kingdom,Female,Bachelor's Degree,English,British,No,29
0a66ff569dcb462c5897642e197bb524ec8b29b0,3.1,3.5,2.7,3.8,4.3,3.3,3.55,3.2,3.9,4.2,4.1,4.3,1.8,1.6,2,2.166666667,2.333333333,1.666666667,2.666666667,2.333333333,2.666666667,1,1,1,3,1,1,United Kingdom,Male,High School Diploma,English,British,Yes,30
0aed0c29c5b5c85b6f9605e99c269c2b493e1398,4.25,4.1,4.4,3.55,3.8,3.3,2.75,3,2.5,4,3.9,4.1,3.1,3,3.2,2.166666667,2.666666667,2,2,2.166666667,3,1,1,2,3,3,2,Germany,Male,Bachelor's Degree,English,British,No,65
0df017459b7d65e0470e5a84c68de54e4c2f5744,4.45,4.3,4.6,2.85,2.9,2.8,3.7,3.6,3.8,4.2,4.6,3.8,3.1,3.1,3.1,1.833333333,3,2.666666667,2.166666667,2.5,2.166666667,2,1,1,3,2,2,United Kingdom,Female,Master's Degree,English,British,Yes,41
0ef552653a1511f9608a86348667a687f3a4dee2,4.45,4.2,4.7,3.05,2.9,3.2,4.25,4,4.5,4.6,4.8,4.4,3.2,3.2,3.2,2.333333333,3,2.5,1.833333333,2.333333333,4,1,1,2,3,1,1,United Kingdom,Female,Bachelor's Degree,English,British,No,26
0f63148b56dcf2a9c8353b17d9f6e2408a1cbfd2,3.6,3.4,3.8,3.15,3.5,2.8,3.2,3.3,3.1,4.35,4.5,4.2,2.4,1.7,3.1,1.666666667,2.5,2.333333333,2.333333333,2.833333333,4,2,1,1,2,2,1,Ireland,Male,Trade School (Vocational),English,Irish,NA,36
113442b43e742b4b6a4031ffa9f30e7776f4ca8f,3.9,4.1,3.7,2.9,3.4,2.4,4.35,4.3,4.4,4.5,4.2,4.8,2.35,2.3,2.4,1.166666667,1.833333333,1.333333333,2.666666667,1.666666667,2.166666667,2,1,1,3,1,2,Germany,Male,Master's Degree,German,German,Yes,44
11c55d8b50e072d94146e3d3c7e300a4e36c1b5f,3.45,3.4,3.5,4.45,4.2,4.7,3.5,3.5,3.5,3.3,3.1,3.5,2.7,2.8,2.6,2.666666667,3.333333333,3.5,1.666666667,3.833333333,3,4,1,1,4,3,4,United Kingdom,Male,Bachelor's Degree,English,British,Yes,30
11f123266b483b870d31ca892c16e1c097486b9b,3.5,3.5,3.5,3.3,3.1,3.5,2.7,2.9,2.5,3.35,2.6,4.1,1.7,1.1,2.3,1.666666667,2,1.5,2.333333333,1.666666667,2.666666667,1,1,1,2,1,1,United Kingdom,Male,Ph.D. or higher,English,British,No,32
13526e768d5c393f87a67f3277c33ee9efb76eb1,3.2,3.2,3.2,3.4,3.6,3.2,2.95,1.8,4.1,4.55,4.4,4.7,2.15,1.8,2.5,2.166666667,3.333333333,2.333333333,1.166666667,2.333333333,2.833333333,1,1,1,4,1,5,United Kingdom,Male,Bachelor's Degree,English,British,Yes,25
1365406b05c6deb54f1e8dddbc5b96fbbbaca57e,3.8,3,4.6,3.5,3.3,3.7,3.1,2.6,3.6,4.6,4.6,4.6,2.9,2.9,2.9,2.166666667,2.333333333,2,1.5,2.333333333,2.5,1,1,1,4,2,3,United Kingdom,Female,Bachelor's Degree,English,Irish,No,23
140960e5a6f5df8a45adf041d728d531535a0c5c,4.2,4.5,3.9,4.05,4,4.1,3.3,2.5,4.1,4.7,4.8,4.6,3.1,2.9,3.3,1.333333333,2.333333333,1.833333333,1.666666667,2,2,1,1,2,4,1,3,Ireland,Female,Master's Degree,English,Irish,Yes,52
156f484b0be366cd2bc0a135e28ba52532e14ed3,3.85,3.8,3.9,3.45,3.3,3.6,4.1,4,4.2,3.45,4.1,2.8,3.35,3.4,3.3,1.833333333,2.666666667,2,2.833333333,2.833333333,3.5,1,1,2,3,2,2,United Kingdom,Male,Bachelor's Degree,English,British,Yes,20
1643772f51fdfcd10ffab66d4607dcf844733fa5,4.1,4.4,3.8,3.8,3.5,4.1,2.8,2.2,3.4,4.05,3.9,4.2,2.7,2.7,2.7,3,3.5,2.666666667,2.666666667,3.666666667,3.333333333,1,1,1,3,1,1,United Kingdom,Male,High School Diploma,English,British,Yes,28
1683edc3fa0c31a107ad30ee82232984bdcc497d,4.4,4.9,3.9,4.9,5,4.8,4.1,4.8,3.4,2.7,2.5,2.9,1,1,1,1.166666667,2.5,2.166666667,1.5,1.666666667,1.833333333,1,1,1,4,1,1,United Kingdom,Female,Master's Degree,English,British,No,39
195201791f3de030050b4f51107019191d8a1f6e,4.45,4.9,4,4.6,4.9,4.3,4.3,4.3,4.3,4.45,4.8,4.1,1.6,1.8,1.4,2.333333333,3,3,1,2.5,3.666666667,2,2,2,4,2,3,Ireland,Female,High School Diploma,English,Irish,Yes,43
1957b42697b214e53b1cc182770a9d5525504c24,3.6,4,3.2,4.1,4,4.2,3.65,3.9,3.4,3.4,3.6,3.2,2.75,2.9,2.6,1.833333333,2.666666667,2,1.333333333,1.5,3,2,2,1,3,3,2,United Kingdom,Male,Master's Degree,English,British,Yes,45
1a9e73b8c45e279d60b048fcd9a73c8f2dc4d3a1,3.4,3.4,3.4,3.5,3.4,3.6,2.65,2.2,3.1,3.75,3.7,3.8,2.95,2.8,3.1,1.5,1.666666667,1.166666667,1.333333333,1.5,1.666666667,1,2,1,3,2,1,Ireland,Male,Bachelors Degree,English,Irish,NA,23
1afa1e1ec8862fc27794a5c5f0b6525eeeca970e,3.45,3,3.9,2.25,2.5,2,3.65,3.6,3.7,3.65,4.2,3.1,3.2,3.1,3.3,1.5,2.5,2.833333333,1.833333333,2.166666667,3.5,2,2,1,3,2,3,United Kingdom,Male,High School Diploma,English,English,No,19
1c46a463021165d2b6a2ad698e758fff0ee8515b,2.35,2.3,2.4,2.95,2.9,3,3.15,2,4.3,4,4.1,3.9,2.45,2.1,2.8,2,2.5,1.833333333,1.5,2,2,1,1,1,4,1,1,United Kingdom,Female,High School Diploma,English,British,No,21
1dcf784c7eb6e29e46b3f5dcb126efca8e4bd577,3.85,3.8,3.9,4.2,4.1,4.3,3.55,4.1,3,4.75,4.9,4.6,2.15,1.6,2.7,2.833333333,3,3,2.333333333,2.666666667,4.666666667,2,1,4,3,4,3,Philippines,Female,Bachelor's Degree,Tagalog,British,No,22
1f86e04b2d5d7c3a0b9f4e8c6d7a251bcf3c92d7,4.1,4.6,3.6,3.2,3.2,3.2,3.05,3.3,2.8,3.8,3.5,4.1,2.6,2.4,2.8,2,1.833333333,1.166666667,1.166666667,1.5,1.666666667,1,1,1,1,1,1,Ireland,Male,Bachelors Degree,English,Irish,NA,41
1fe6e72d0de07858598a525b5e51483d19fa364c,3.8,3.7,3.9,4.2,3.9,4.5,2.2,2.1,2.3,4.55,4.1,5,2.75,2.3,3.2,1.833333333,2.833333333,2.166666667,1.5,2.833333333,2,1,1,1,1,2,2,United Kingdom,Female,Bachelor's Degree,English,British,No,50
217d318adf415029ffc2b8d0584b032ce3d10ced,2.35,2.9,1.8,4.3,4.5,4.1,2.3,1.9,2.7,3.2,2,4.4,2.7,2.6,2.8,2.166666667,2.833333333,2,1.833333333,2,4,1,1,1,3,1,1,United Kingdom,Male,Bachelor's Degree,English,British,No,62
25d3f0d91a05d2d8f15b78d80ba60ec5b6a555d2,3.55,3.7,3.4,2.75,3,2.5,3.3,2.3,4.3,4.4,4.5,4.3,4.05,4.9,3.2,2,3.333333333,2.833333333,2.166666667,2.5,3.166666667,1,1,2,3,2,1,Ireland,Female,Some High School,English,Irish,No,19
29ab6d17425bcfe77107ef94373029147a3d6c99,3.35,3.4,3.3,3.3,3,3.6,3.85,3.7,4,4.65,4.9,4.4,4.25,4.7,3.8,2.666666667,3.5,2,2.333333333,2.833333333,3.5,3,2,2,4,5,3,United Kingdom,Female,Master's Degree,English,British,Yes,24
2cd99371f8bbcb02fb1d8ad92f06d64629c83b54,4.05,3.8,4.3,3.3,3.5,3.1,3.4,3,3.8,4.35,4.7,4,2.8,2.4,3.2,2,2.833333333,2,2,2.333333333,2.166666667,1,1,1,2,3,1,Germany,Female,Bachelor's Degree,German,German,Yes,50
2d8f46ef914343c2ea5a7c81966242d99bcd9059,2.65,3.4,1.9,4.95,5,4.9,4.55,4.5,4.6,4.35,4.2,4.5,1.4,1.7,1.1,1.666666667,1.833333333,1.166666667,1,1.833333333,2,1,1,1,2,1,1,United Kingdom,Male,High School Diploma,English,British,No,40
2e91e0542bacb434ec4f5606db7eb265e1551e85,3.5,3.2,3.8,2.95,3.2,2.7,2.45,2,2.9,3.75,3.9,3.6,3.15,3,3.3,1,1.5,1.333333333,1.5,1.333333333,1.5,1,1,1,2,1,1,United Kingdom,Female,Bachelor's Degree,English,British,No,64
2e9c143b6c4f8d9a0b5a871dcf13d7028c1b0e9f,3.6,4.2,3,2.95,3,2.9,3.15,3.3,3,2.7,2.5,2.9,2.3,2,2.6,1.166666667,1.833333333,1.166666667,3.166666667,1.666666667,2.333333333,1,2,2,4,1,3,Ireland,Male,Masters Degree,English,Irish,NA,43
304aa8d130fc153a712c66002d1ceb966b5ca82c,3.65,3.7,3.6,4.35,4.2,4.5,3.6,3.3,3.9,4.65,4.8,4.5,2.25,1.9,2.6,2,2.333333333,2.833333333,1.833333333,2.333333333,3,1,1,2,4,1,1,United Kingdom,Female,High School Diploma,English,British,No,40
35b94c2a87ef63d19a8c072f6b1054c8e1fd3ba0,3.55,3.5,3.6,3.5,3.2,3.8,3.25,3.2,3.3,3.95,4.1,3.8,2.55,2.4,2.7,1.833333333,2.5,2.166666667,1.833333333,2,2.5,1,1,1,4,1,3,Ireland,Female,Some University but no degree,English,Irish,NA,37
35c2c447499a974a615b6ad6254e99cd81313113,3.95,3.9,4,3.6,3.7,3.5,3.45,3.3,3.6,3.1,3.1,3.1,2.35,2.5,2.2,1.5,2.833333333,2,2.333333333,2.666666667,2.666666667,1,1,1,4,2,3,United Kingdom,Male,Bachelor's Degree,English,British,Yes,39
3870301338ac705ef0ab294040234cc5268847b1,4.65,4.6,4.7,3.55,3.6,3.5,3.75,4,3.5,4.3,4.4,4.2,2.05,1.9,2.2,1.833333333,2.5,2.166666667,1.833333333,2,1.666666667,1,1,1,2,1,1,United Kingdom,Female,Master's Degree,English,British,Yes,52
3b6d7d21910e51c21fc48a58de76765842c54901,3.65,3.7,3.6,3.1,2.9,3.3,2.85,2.4,3.3,4.1,4.4,3.8,2.55,2.3,2.8,2,2.333333333,2.666666667,1.5,2.333333333,4.5,1,1,1,5,2,5,Zambia,Female,Bachelor's Degree,English,British,No,29
3c16f259a46a4efc04615d744837d5328c7497ca,3.6,4.7,2.5,4.35,4.7,4,3.7,3.9,3.5,2.35,2.1,2.6,1.8,2.4,1.2,1.333333333,1.333333333,1,1,1,1.5,2,5,1,3,1,1,United Kingdom,Male,Master's Degree,English,English,No,60
3d32d27fcf58c6603eeab023ffd758a6fba8a59f,3.9,3.9,3.9,3.95,4,3.9,3.95,3.5,4.4,4.55,4.4,4.7,1.4,1.4,1.4,1.666666667,2.333333333,2,1.833333333,2.5,3.833333333,1,2,1,3,2,2,United Kingdom,Male,Bachelor's Degree,English,British,Yes,42
3d80c6d68abe08043a7060fbcc1989328124c899,3.65,3.9,3.4,3.85,3.6,4.1,3.7,2.7,4.7,4.6,5,4.2,2.55,2.1,3,1.5,2,1.833333333,2.333333333,2,2.833333333,1,1,1,4,1,5,United Kingdom,Female,Bachelor's Degree,English,British,No,25
3d8492e8e7520c978f8ecbf398e8391f63fee630,4.2,4.1,4.3,3.8,4.1,3.5,3.05,3.6,2.5,3.5,3.3,3.7,2.75,2.7,2.8,1.666666667,2.333333333,2.333333333,1,2,2.5,1,1,1,2,1,2,United Kingdom,Female,Bachelor's Degree,English,British,Yes,67
3e213df2454e5bc80f4e17c8b3d5a32e85d21aec,4.1,4.5,3.7,4.55,4.9,4.2,4.05,4.1,4,4.95,4.9,5,1,1,1,2.5,2.666666667,2.5,1.333333333,2.5,3.166666667,1,1,1,4,1,1,United Kingdom,Female,High School Diploma,English,British,No,69
3e3199b765fac371cab564e27c149213f99870c3,3.55,3.5,3.6,3.05,3,3.1,3.7,3.7,3.7,4.35,4.5,4.2,3,2.8,3.2,1.5,2.5,2.166666667,1.5,1.833333333,2.833333333,2,1,1,3,1,1,Russian Federation,Female,Master's Degree,Russian,Russian,No,29
3f6b7a0d2e49c854b918d23c65f084b7a1e0c9df,3.3,3.2,3.4,3.2,3.1,3.3,3.25,3.3,3.2,3.8,3.9,3.7,2.75,2.7,2.8,1.5,2.166666667,1.5,2.166666667,2.166666667,2.166666667,1,1,1,4,1,1,Ireland,Female,Bachelors Degree,English,Irish,NA,42
4174d1d5d469e8c3ca5770756d0610687df5a249,3.2,3.7,2.7,3.95,3.9,4,3.65,3.5,3.8,3.7,3.5,3.9,2.55,2.4,2.7,1.666666667,1.5,1.5,2,1.5,2.166666667,1,1,1,5,1,3,United Kingdom,Male,Bachelor's Degree,English,British,No,47
449ab289bf61ef265cad0c5ebf5c92214a313e26,3.1,3.4,2.8,4.15,3.6,4.7,2.7,2.7,2.7,3.75,2.8,4.7,2.65,1.9,3.4,1.333333333,1.333333333,1.333333333,1.5,1.333333333,1.166666667,2,1,1,4,1,1,United Kingdom,Male,High School Diploma,English,British,No,30
4798344da119bb835333c5e1b085f8052203237c,4.35,4.8,3.9,2.9,3,2.8,2.9,3.3,2.5,3.75,4.1,3.4,1.95,1.2,2.7,2.166666667,2.166666667,1.666666667,2.333333333,2.166666667,2.5,1,2,2,1,2,3,United Kingdom,Male,Bachelor's Degree,English,English,Yes,27
48c25f331460f7bd599ba156f19de7487aba84d6,2.9,2.6,3.2,2.75,2.6,2.9,2.3,1.9,2.7,3.35,2.8,3.9,2.3,2,2.6,2.166666667,2.5,2.166666667,2.333333333,1.5,3.5,1,2,1,3,2,1,United Kingdom,Male,High School Diploma,English,British,No,18
4986bd00f9e3219b3fe7e1da4359acf4edf51660,3.45,2.8,4.1,4.2,4.1,4.3,3.75,3.7,3.8,4.45,4.4,4.5,1.55,1.4,1.7,1.666666667,2.833333333,2.166666667,2.333333333,2.166666667,3.166666667,1,1,1,3,1,1,United Kingdom,Female,High School Diploma,English,British,Yes,21
49c3080e18be7c5125621b8c0cadeea9c2fa0d16,4.15,4.1,4.2,3.4,3.2,3.6,2.75,2.7,2.8,2.85,2.4,3.3,2.45,2.5,2.4,1.333333333,1.666666667,1.333333333,2,1.5,2,1,2,1,3,2,1,Poland,Male,High School Diploma,Polish,Polish,No,20
4ca37d08d985a8b5f78716bc79992577831459b5,2.8,3,2.6,3.4,3.8,3,2.45,2.5,2.4,2.7,1.9,3.5,2.75,2.6,2.9,1.833333333,2.666666667,1.5,1.833333333,1.666666667,3.833333333,1,1,1,2,1,1,United Kingdom,Male,Bachelor's Degree,English,English,No,43
4d61ecd2d60706d29408de2bc047de8efd43b2b2,3.3,3.3,3.3,2.75,2.5,3,3.55,3.4,3.7,3.25,3.6,2.9,2.9,3.1,2.7,2.333333333,2.833333333,2.166666667,2.666666667,3,2.666666667,2,1,1,4,1,1,United Kingdom,Male,Bachelor's Degree,English,English,Yes,28
4d8f7e958be9e291cd8e94a920c81c20b9e9e21b,4.85,4.7,5,3.2,3.6,2.8,3.5,3.5,3.5,4.4,4.6,4.2,2.35,2.2,2.5,2.333333333,3.333333333,2.166666667,2.333333333,2.166666667,3.166666667,1,1,2,4,2,4,United States,Female,High School Diploma,German,German,Yes,19
4ded19b961bb6f54680864c2bf4a7d81f9b52ff6,4,4.3,3.7,3.5,3.1,3.9,3.25,3.3,3.2,3.75,3.9,3.6,2.75,2.4,3.1,2.666666667,3,2.333333333,1.666666667,2.166666667,2.666666667,1,1,2,1,1,2,Canada,Male,Bachelor's Degree,English,Canadian,No,23
4eeb41f773b92ae544894dbc9340201f81380335,4.1,4.1,4.1,3.05,3.1,3,2.9,3,2.8,4.1,4.3,3.9,2.25,1.9,2.6,1.666666667,2.333333333,1.666666667,1.666666667,2.166666667,2,1,1,1,1,3,2,United Kingdom,Female,Bachelor's Degree,English,British,No,51
4fdedf3eb74bf5ff1eaf0868d003b220b4c11afa,3.4,3.3,3.5,3.65,3.1,4.2,3.3,3.4,3.2,3.8,3.6,4,3.1,2.9,3.3,1.833333333,2.166666667,1.333333333,1.666666667,1.5,2,3,3,3,4,4,2,United Kingdom,Female,Bachelor's Degree,English,British,No,28
4ff80373280c45a73997013fa284725e8ad8b450,4.15,4,4.3,3,3,3,3.1,3.1,3.1,3.95,4.1,3.8,2.85,2.6,3.1,3,3.833333333,2.666666667,2.666666667,2.833333333,3.666666667,2,2,3,4,2,3,Germany,Male,High School Diploma,German,German,Yes,18
525e21b357c7ded248d4a0f1899a9488f3c645ef,4.1,4.2,4,3.45,3.3,3.6,3.05,2.7,3.4,4.35,4.5,4.2,2.25,1.6,2.9,1.5,2.333333333,2,2.333333333,2.166666667,3.666666667,2,2,3,4,2,3,United Kingdom,Male,High School Diploma,English,British,Yes,20
52aeb1b83f4ba844f2c59e10a70aaf16912c45f0,4.4,4.7,4.1,4.2,4.4,4,4.15,4,4.3,4.65,4.7,4.6,2.15,2.2,2.1,1.333333333,2,2.333333333,1.5,2,3.166666667,1,1,1,3,1,1,United Kingdom,Male,Master's Degree,English,British,No,28
541b38d0e050bc8f2d1732240446091c5a144c73,3.2,4,2.4,2.85,3,2.7,4.1,3.9,4.3,3.75,4.4,3.1,2.5,2.6,2.4,1.666666667,2.5,2.166666667,1.833333333,2.333333333,3.333333333,1,1,1,2,1,1,Ireland,Female,Bachelor's Degree,English,Irish,No,34
5443060001065a5d26ded28590d5ad67ed906cdb,2.95,3.1,2.8,3.25,2.9,3.6,2.8,2.4,3.2,4.1,3.8,4.4,3.3,3.3,3.3,1.833333333,2,2.333333333,1.5,2.166666667,2.166666667,1,1,1,3,1,1,United Kingdom,Female,High School Diploma,English,Welsh,Yes,27
56c03d3b22f9242350cf3bc002bf40c442dafde4,4,4.2,3.8,3.25,2.6,3.9,3.6,3.7,3.5,3.85,4.2,3.5,3.25,3.7,2.8,1.833333333,2.833333333,1.666666667,2.333333333,2.5,2.5,2,1,1,3,2,2,United Kingdom,Male,Bachelor's Degree,English,British,No,45
58c9fbb4f182ed19e9cc0fff442da8457585a9eb,3.6,3.2,4,3.3,3,3.6,2.95,2.8,3.1,3.6,3.2,4,2.1,1.8,2.4,3.333333333,3.166666667,1.666666667,1.333333333,2.5,3,3,3,1,4,1,3,United States,Female,Some High School,English,Irish,Yes,18
5a1f8e2d034a6b9d7c2a1f081e372b9f3c4d871a,4.6,4.8,4.4,3.75,3.5,4,3.65,3.9,3.4,3.65,3.7,3.6,2.6,2.9,2.3,2,2.166666667,1.833333333,2.333333333,2,4,1,1,1,4,1,3,Ireland,Male,Masters Degree,Turkish,Irish,NA,35
5bc953aa3df01629eaf13154c7e0cbc1a81b0ed9,4.1,3.7,4.5,4.15,3.6,4.7,1.8,1.2,2.4,4.8,5,4.6,4.4,4.2,4.6,2.333333333,3,2.833333333,1.666666667,3.5,3.666666667,3,4,4,3,3,2,Ireland,Female,NA,English,Irish,Yes,49
5beebf5e1bb71d7150e03572ae383d3771187d5f,4.35,4.3,4.4,3,2.4,3.6,3.75,3,4.5,4.1,4.4,3.8,3.3,3.2,3.4,3.333333333,2.833333333,2.166666667,2.333333333,2.166666667,3.333333333,2,3,3,4,2,2,Germany,Female,High School Diploma,German,German,No,23
5c0b8eaf7d49632a1f3d82c4bd17e4f8c91a0d3b,4,4.2,3.8,3.35,2.6,4.1,2.9,2.9,2.9,4.2,4.4,4,3.35,3.6,3.1,2.166666667,3.166666667,1.833333333,2.166666667,2,2.666666667,1,1,1,3,2,2,Ireland,Female,Bachelors Degree,English,Irish,NA,42
5c67b4cdab52330143bc285e5b4870bc0aa9d682,4,4.8,3.2,4.4,4.2,4.6,3.7,3.4,4,4.35,4.6,4.1,1.35,1.5,1.2,1.833333333,3,1.833333333,1.333333333,1.666666667,2,2,1,1,3,1,1,United Kingdom,Female,Bachelor's Degree,English,British,No,32
5d78edef0e1749ab2a05ee2251ee5292f9bab428,3.15,2.6,3.7,2.25,2,2.5,3,2.2,3.8,4.25,4.7,3.8,3.65,4.2,3.1,1.333333333,1.833333333,1.833333333,1.5,1.833333333,2,1,1,1,4,1,2,Germany,Female,High School Diploma,German,German,Yes,21
5fe4412aaf96815a20a44095ead7351d38d0b630,3.9,4.4,3.4,3.45,3.9,3,2.6,2.4,2.8,3.75,3.2,4.3,1.65,1.6,1.7,1,1.333333333,1,2,1.5,1.333333333,1,1,1,2,1,1,United Kingdom,Male,Bachelor's Degree,English,British,No,51
600448a0a1c94d8641d29e0fac902c88e86bc9c4,3.75,4,3.5,3,2.8,3.2,2.95,2.9,3,3.8,4.1,3.5,2.3,1.8,2.8,1.166666667,1.333333333,1.166666667,1.166666667,1.166666667,1.5,1,1,1,2,1,1,United Kingdom,Male,Master's Degree,English,British,No,22
601b3069767d5d3919af175b915e0ba698ba9bc9,4.45,4.6,4.3,4.4,4.3,4.5,4.25,3.8,4.7,4.5,4.6,4.4,1.85,1.8,1.9,1.166666667,1.166666667,1.666666667,1.5,1.833333333,1.333333333,1,1,1,3,1,2,United Kingdom,Female,Ph.D. or higher,English,British,Yes,59
624357dedd5e078bba2c372627ad952429494fc6,3.55,3.5,3.6,3.95,4,3.9,3.4,3.5,3.3,4.35,4.2,4.5,2.2,2.1,2.3,2.666666667,2.833333333,1.833333333,1.666666667,2.333333333,2.833333333,1,2,1,3,1,2,Ireland,Female,Bachelor's Degree,English,Irish,No,44
6364c20da3f0ca87fc3c4668b3c07c9db23b5c6e,4.45,4.3,4.6,3.6,2.8,4.4,2.05,1.9,2.2,4.45,4.2,4.7,3.2,2.6,3.8,1.5,2.166666667,1.333333333,2,2.333333333,1.833333333,1,1,2,4,2,3,United Kingdom,Female,NA,English,Irish,Yes,29
64d01e69e5d51008c4223eaa4684494e78581478,3.35,3.7,3,3.55,3.5,3.6,3.35,2.9,3.8,3.25,3.4,3.1,3.1,3.3,2.9,2.666666667,3.166666667,3,2,3.333333333,3.5,1,1,2,4,2,3,Germany,Male,Master's Degree,German,German,No,31
67f82606f416b3ff8b9a9d49b459a28c525534bc,3.5,3.7,3.3,3.3,3.8,2.8,3.3,3.1,3.5,4.05,3.5,4.6,1.65,1.5,1.8,2.5,3.166666667,2.333333333,2,2.666666667,2.666666667,1,1,1,2,2,1,United Kingdom,Male,Bachelor's Degree,English,British,No,57
681074f4659095d52819b2909d705b432bdd2c40,3.65,3.3,4,3.2,3.2,3.2,2.95,2.4,3.5,4.25,4,4.5,2.7,2.6,2.8,1.5,1.5,1.333333333,2.166666667,2,2.5,1,1,2,3,1,1,Hungary,Male,High School Diploma,Hungarian,Hungarian,No,23
681918d547c39c31c531914b8f6f30cf3bba4d2c,3.55,3.9,3.2,2.75,3,2.5,3.1,3.1,3.1,3.7,3.5,3.9,3.05,3,3.1,1.333333333,2.166666667,1.666666667,1.833333333,2,2.166666667,1,1,1,4,2,1,United Kingdom,Male,Ph.D. or higher,English,British,No,63
68eaa7b11695c2eb5b35ef08281d52469817d532,3.9,3.3,4.5,3.75,3.6,3.9,2.95,2.5,3.4,4.35,4.6,4.1,2.75,2.6,2.9,2.166666667,2.666666667,2.5,2,2.666666667,3,2,2,1,3,2,1,United Kingdom,Male,Some High School,English,English,Yes,34
6cc6d18369ac11456668e9d41c969b524f3de339,3.35,2.5,4.2,3.4,3.2,3.6,3.2,3.1,3.3,4.4,4.4,4.4,3.45,3.2,3.7,2.833333333,3.666666667,3.5,1.166666667,3.333333333,4.166666667,2,1,2,4,2,1,United States,Female,Some Trade School,English,German,No,25
6eacbe01fb172ea706fc162c7337664cb66f0bed,3.55,3.8,3.3,3.55,3.3,3.8,3.55,3.6,3.5,4.05,4.3,3.8,2.65,2.7,2.6,2,2.166666667,1.333333333,1.833333333,2.833333333,2,1,1,1,3,2,1,Ireland,Male,Master's Degree,English,Irish,No,37
6f96708a2788c9f672fd784befff56eee25efd46,3.9,4.1,3.7,4.7,4.6,4.8,3.05,2.6,3.5,4.3,4.2,4.4,2.7,1.9,3.5,2.333333333,3.666666667,2.166666667,1.833333333,3,4,2,1,1,3,1,1,United Kingdom,Female,Bachelor's Degree,English,British,No,34
73115cd7cacdadb5c6fe0a715d37c4a250de9644,3.8,3.7,3.9,3.55,3.8,3.3,3.3,2.9,3.7,4.45,4.4,4.5,2.9,3.1,2.7,1.166666667,1.833333333,1.166666667,2.166666667,1.833333333,2.166666667,1,1,1,2,1,1,United Kingdom,Female,High School Diploma,English,British,No,31
73e91ea9cad9fc71d38df6468ee744df796f56a5,3.75,3.9,3.6,3.9,3.6,4.2,4,4.1,3.9,4.2,4.5,3.9,2.95,3,2.9,2.166666667,3,2.666666667,3,2.333333333,3.333333333,1,1,1,4,2,2,Germany,Male,Master's Degree,German,German,Yes,27
744e8079f1a94d39246a6698313ffc07989507f2,3.45,3.3,3.6,3,2.5,3.5,3.15,2.9,3.4,3.25,3,3.5,2.7,2.8,2.6,1.333333333,1.833333333,2,2.333333333,1.833333333,2.833333333,3,2,2,3,3,3,Russian Federation,Male,Bachelor's Degree,Russian,British,Yes,41
7677e6c0fb350b385815d63bc2c1b126804eca73,3.8,3.6,4,3.05,3.2,2.9,2.9,2.6,3.2,3.7,4,3.4,2.6,2.6,2.6,2.166666667,2.5,1.833333333,1.333333333,2,3.166666667,1,1,1,4,2,3,United Kingdom,Male,High School Diploma,English,Australian,No,19
78ef77b7d7080d4677c175e1ebae45b85ff28a51,3.65,2.9,4.4,3.1,2.9,3.3,3.35,2.6,4.1,4.3,4.5,4.1,3.1,2.9,3.3,1.666666667,2.166666667,1.666666667,2.166666667,2.166666667,2.666666667,2,1,2,3,2,1,Germany,Female,Bachelor's Degree,German,German,Yes,28
7a666f6dec3c559276299aea95fbf452721d32c1,4,3.7,4.3,2.85,2.7,3,3.8,3.9,3.7,4.35,4.3,4.4,3.2,2.9,3.5,3.333333333,3.666666667,3.5,2.666666667,3,5,4,1,5,3,5,3,South Africa,Male,Some High School,English,South African,No,27
7a920fc53b26afb35f20c5cf27f3cb9863c4a629,3.35,3.9,2.8,4.2,4,4.4,3.15,2.7,3.6,4.1,4.2,4,3.45,3.5,3.4,1.5,2.333333333,1.833333333,1.5,1.666666667,1.833333333,2,1,2,4,2,2,Ireland,Female,Master's Degree,English,Irish,No,42
7b0dce3a4f1c9a2e8d0c457b3e1f28654ab9c870,4.4,4,4.8,3.4,3,3.8,3.75,3.7,3.8,3.9,4.1,3.7,3.25,3.2,3.3,1.333333333,2.166666667,1.5,1.333333333,1.333333333,1.5,1,1,2,3,1,1,Ireland,Female,Some University but no degree,English,Irish,NA,24
7bc670b6195534148acdaac1e5807672e30ed2db,3.05,3.4,2.7,3.6,3.5,3.7,3,2.8,3.2,4.05,3.8,4.3,3.35,2.5,4.2,1.333333333,2,2.166666667,2.333333333,1.833333333,2.666666667,1,1,3,2,1,1,Poland,Female,Master's Degree,Polish,Polish,No,27
7bdd7725b0d67abe14b430b0ca7610caeb571470,4.05,3.9,4.2,2.35,2.5,2.2,4,4.2,3.8,2.75,3.3,2.2,3.7,4.2,3.2,1.5,3,1.833333333,2.5,2.166666667,3.5,1,1,1,2,2,1,United Kingdom,Male,Bachelor's Degree,English,British,No,20
7cdd77c4cc652a13662594395bea7edd745a259d,2.8,2.3,3.3,3.15,2.8,3.5,2.75,2.6,2.9,4.2,3.9,4.5,3.3,3.1,3.5,2,3,2.5,2,3,3,2,1,1,3,1,1,United Kingdom,Female,Some Trade School,English,British,No,33
7d909228c99f92b07eafa83394b219bbe4efefdf,3.2,2.8,3.6,3.25,3.2,3.3,3.8,3.9,3.7,4.05,4.2,3.9,2.9,2.7,3.1,2.166666667,3.333333333,2.333333333,3.166666667,2.333333333,4.333333333,1,2,1,4,1,2,Germany,Male,High School Diploma,German,German,Yes,22
7da4e2536204003ec68d3ab2640e29f0ae204322,4.1,3.8,4.4,3,3.2,2.8,4.05,3.8,4.3,4.35,4.9,3.8,2,1.9,2.1,2,2.5,2.666666667,3,3.333333333,2.5,1,2,2,4,4,2,United Kingdom,Male,Master's Degree,English,British,No,40
7e04e068fbd63d58521fd4db95054cc42cff2dbb,4.85,4.9,4.8,3,3.6,2.4,4.3,4.7,3.9,3.9,4.4,3.4,2.6,3,2.2,2.833333333,2.833333333,2,3.333333333,2.833333333,3,4,2,1,5,4,2,Germany,Female,High School Diploma,German,German,Yes,18
7eba1f03cf8c946c7792d931cedea8b52ffc5b6f,3.55,3.5,3.6,3.45,3.4,3.5,2.7,2.2,3.2,4.3,4.5,4.1,2.75,2.3,3.2,2,3.333333333,2,2.333333333,3,3.166666667,1,2,1,4,1,1,Portugal,Male,Bachelor's Degree,Portuguese,Portuguese,No,24
7ee4c45e40ad0f5f51107894722cc9e57ea23f7f,3.85,3.6,4.1,2.95,2,3.9,2.65,2.6,2.7,4.5,4.7,4.3,4.25,4.1,4.4,1.166666667,1.833333333,2,1.666666667,2.166666667,1.833333333,2,1,4,2,2,1,United Kingdom,Female,Bachelor's Degree,English,British,No,34
7f168eef0afedb32025f97d0260b28f5eca894d3,1.9,1.9,1.9,2.6,2.8,2.4,2.65,2.3,3,2.55,2.7,2.4,3.3,3.3,3.3,1.666666667,3,2,2,2.166666667,3,1,2,1,4,1,2,Germany,Male,High School Diploma,German,German,No,21
842ed2259a1be3bedb8fa40467ebeb6990f45eae,3.95,3.7,4.2,3.8,3.7,3.9,3.75,3.9,3.6,3.55,3.7,3.4,2.5,2.9,2.1,2.5,2.833333333,2.666666667,1.5,2.833333333,2.833333333,1,1,1,2,2,1,United Kingdom,Female,Master's Degree,English,British,No,67
8502767c07bf5754cd8ea848dd76a83dd4742123,3.7,2.6,4.8,3.05,3,3.1,2.9,1.8,4,4.7,4.7,4.7,3.3,2.8,3.8,1.5,2,1.5,2.166666667,2,3.166666667,1,1,1,2,2,1,Germany,Non-Binary,High School Diploma,English,English,Yes,19
888e2af4dbed05ae3d3b840b144a2126f9ef2e8e,3.55,3.8,3.3,3.75,4.1,3.4,3.3,3.3,3.3,3.3,3.4,3.2,2.8,3.2,2.4,2,3,1.833333333,2,2.666666667,3,2,1,1,2,2,2,United Kingdom,Male,Master's Degree,English,Welsh,Yes,32
8a46a6de0f8cad81d398c2fda7fcb89f64091372,3.35,3.4,3.3,2.55,2.4,2.7,2.25,1.7,2.8,3.9,4.3,3.5,4.75,4.9,4.6,2.833333333,3.166666667,2.833333333,2.333333333,2.833333333,3,4,3,3,3,4,3,United Kingdom,Male,High School Diploma,English,British,No,20
8bef790443a63ae1889f19d230888129575b9b86,4.65,5,4.3,3.95,3.4,4.5,3.95,3.9,4,4.1,4.3,3.9,1.55,1.7,1.4,1.833333333,3,2,2.5,2.166666667,3.5,1,1,1,3,1,1,United Kingdom,Male,Ph.D. or higher,English,British,No,43
8cc922e89421511e1774919b550e28f651827c83,3.6,3.7,3.5,2.65,2.3,3,3.05,2.3,3.8,4.1,3.8,4.4,2.6,2.3,2.9,2.166666667,3.333333333,2.166666667,1.666666667,2.333333333,2.666666667,2,2,3,4,2,3,United Kingdom,Male,Bachelor's Degree,Bengali,British,No,26
8e46f1ce8b9860a95ead06303253ac1082a95b67,3.35,3.9,2.8,4.1,4,4.2,3.6,3.5,3.7,3.85,4,3.7,3.5,3.6,3.4,3,3.833333333,3,2,3,4,2,1,4,5,2,1,Slovenia,Male,High School Diploma,Slovak,Slovenian,No,21
8e9d30340e6023fdfb8146244a470ce4b45cbd17,3.7,4.2,3.2,3.6,3.7,3.5,3.55,4.3,2.8,3.9,4.3,3.5,2.85,2.7,3,2.333333333,2.666666667,2.166666667,2.333333333,2.666666667,2.333333333,2,1,1,3,2,1,United Kingdom,Female,Bachelor's Degree,English,British,Yes,42
8eb774958992838404b76e039939ee8f39dd1822,3.3,2.7,3.9,3.2,2.8,3.6,3.75,3.4,4.1,3.85,4.1,3.6,2.9,2.8,3,3,3,2,1.666666667,2.166666667,3.5,1,2,1,4,2,1,United Kingdom,Female,Bachelor's Degree,English,British,Yes,34
91c86940ffed7443294715d29d1ef70584bc442f,3.55,4.1,3,4.3,4.6,4,3.75,3.7,3.8,3.8,3.8,3.8,1.8,1.7,1.9,1.666666667,2.833333333,1.833333333,1.166666667,1.666666667,2.666666667,2,3,1,3,2,3,Ireland,Male,Master's Degree,English,Irish,No,41
91c86940ffed7443294715d29d1ef70584bc442f,3.8,4.3,3.3,4.3,4.5,4.1,3.6,3.5,3.7,3.75,3.8,3.7,1.7,1.7,1.7,2,2.166666667,1.666666667,1.5,2,2.833333333,2,1,3,3,2,3,United Kingdom,Male,Master's Degree,English,Irish,No,41
93a885825c6af5ef2b2d185ac2636df31027deb4,4.15,4.6,3.7,4,4.4,3.6,3.75,4,3.5,4.15,4.1,4.2,2,1.8,2.2,1.666666667,2.333333333,2,1.333333333,2.333333333,3,1,1,1,3,1,1,United Kingdom,Female,Ph.D. or higher,English,British,Yes,54
93f1d6a6d3309135e49ef0fe320a31bbc0d0cdfd,4.25,4.7,3.8,4.05,4,4.1,4.2,4.1,4.3,4.35,4.4,4.3,1.95,1.6,2.3,2,2.5,2.166666667,2,2.166666667,2.666666667,1,1,1,4,2,1,Ireland,Female,Master's Degree,English,Irish,No,22
94e5c31f0db7a862f83146a0e2c5b80a7bfcd92e,3.5,3.4,3.6,4.25,4.4,4.1,3.55,2.7,4.4,4.45,3.9,5,3.3,2.7,3.9,2.166666667,3.5,2.333333333,1,2.166666667,1,1,1,1,5,1,4,Ireland,Female,Secondary,English,Irish,NA,33
955e201c54142be3f90cb1809d8949839ade9a9a,3.45,3.1,3.8,3.95,3.8,4.1,3.5,3,4,4,4.1,3.9,2.35,2.5,2.2,1.666666667,2.166666667,2.166666667,2.5,2.5,3,1,1,1,4,2,4,Cambodia,Female,Bachelor's Degree,English,British,Yes,51
96d946e4ac435705aa68552cd633dde5f4c57c44,3.55,2.8,4.3,3.15,2.7,3.6,3.85,3.3,4.4,4.2,4.3,4.1,3.1,2.9,3.3,2.833333333,3.166666667,3.333333333,2,2.166666667,4.333333333,1,1,2,4,2,2,United Kingdom,Female,Master's Degree,English,Irish,Yes,33
96d946e4ac435705aa68552cd633dde5f4c57c44,3.65,3,4.3,3.35,3.1,3.6,3.7,3.5,3.9,4.15,4.3,4,3.05,2.6,3.5,3,3.333333333,2.833333333,2.666666667,2.333333333,4.166666667,3,1,2,4,2,1,United Kingdom,Female,Master's Degree,English,Irish,Yes,33
9890dcd7585ba623a1929855c87e2b1e96cdd55f,4.2,3.7,4.7,3.35,3,3.7,3.5,3.4,3.6,4.25,4.5,4,3.3,3.5,3.1,1.166666667,2.5,1.666666667,1.333333333,1.833333333,2.833333333,1,2,1,3,1,2,Ireland,Female,High School Diploma,English,Irish,No,18
9a7b6dc2e1f483c5408ab97d3cf2851a1b0d2f8c,4.2,3.7,4.7,3.6,3.8,3.4,3.65,3.3,4,4.4,4.7,4.1,3.7,3.7,3.7,2.5,2.666666667,3.333333333,2.333333333,3.833333333,4.166666667,1,1,3,3,2,2,Ireland,Male,Some Secondary,English,Irish,NA,27
9bc3540dc67097ee7f28b3bffeeabb76dc7cc63b,4.65,4.6,4.7,3.35,2.9,3.8,3.15,2.5,3.8,4.9,4.9,4.9,4.35,4.3,4.4,2.333333333,2.833333333,2.5,2.5,2.5,3.333333333,2,2,1,3,1,1,United Kingdom,Female,Bachelor's Degree,English,British,Yes,52
9c70d5fb7b6161eaaf7e1a74aa327f417d1ccc59,3.4,3.7,3.1,3.55,3.4,3.7,3.15,3,3.3,3.3,3.3,3.3,3,3.2,2.8,1.5,2,2,2.833333333,2.333333333,3.833333333,1,1,1,4,1,2,Germany,Male,High School Diploma,German,German,No,18
9e5b0762c98d135a4f2632c4e7b9d8a1bf6c042d,2.9,2.7,3.1,2.5,2.2,2.8,2.5,2.4,2.6,4.25,4.4,4.1,3.55,3.3,3.8,2.333333333,3.333333333,2.333333333,1.333333333,2,4.666666667,3,1,3,2,4,1,Ireland,Female,Bachelors Degree,English,Irish,NA,29
9f342753b783c058c9fbdd29b8ac1e4ed0d41b8c,4.45,4.8,4.1,3.1,3.6,2.6,4.15,3.9,4.4,4,4.4,3.6,1.95,2.2,1.7,1.5,2.833333333,2,2.666666667,1.833333333,1.833333333,1,1,1,3,1,1,Germany,Male,High School Diploma,German,German,No,34
a0ee97df13eaefe3dd9cddad44dc6ada1ce89573,4.1,4.4,3.8,3.65,3.5,3.8,4.6,4.7,4.5,4.45,4.8,4.1,2.25,2.3,2.2,2.833333333,3.5,2.833333333,2.666666667,2,4.833333333,1,1,1,5,1,4,Germany,Female,High School Diploma,German,German,Yes,20
a26190865e77f32373eb9fb5d24666eaf4ef0480,3.4,3.3,3.5,3.75,3.8,3.7,3.35,2.6,4.1,4.45,4.6,4.3,3.55,3.2,3.9,2.666666667,2.833333333,3.666666667,2.666666667,2.5,4.333333333,2,1,2,4,3,1,United Kingdom,Female,Bachelor's Degree,English,British,No,21
a4baefcaa233243fbf42242668da0333215c2fb6,3.95,3.3,4.6,3.45,2.4,4.5,2.6,3.1,2.1,3.75,4.1,3.4,3.8,3.9,3.7,1.666666667,2.166666667,1.666666667,1.166666667,2,2.666666667,3,1,1,2,3,1,Ireland,Female,Bachelor's Degree,English,Irish,No,25
a66615d32b574487f058b502da8d9976d5cbeb02,3.35,3.3,3.4,3.6,4,3.2,2.7,2.8,2.6,3.7,3.2,4.2,1.55,1.5,1.6,1.333333333,1.666666667,1,1,1.666666667,1.333333333,1,1,1,5,2,4,United Kingdom,Male,High School Diploma,English,British,Yes,61
a8e2db04c2de123894e4157476e8ff61c8e29682,3.05,3.7,2.4,4.2,3.9,4.5,3.1,3.5,2.7,4,3.8,4.2,2.5,2.3,2.7,1.833333333,2,1.666666667,1.333333333,1.833333333,3.166666667,1,1,1,3,1,1,Portugal,Female,Master's Degree,Portuguese,Portuguese,No,30
aa72f417f2f547ae4b28735c006a8f3fa96c8730,3.25,3.6,2.9,4.1,4.3,3.9,3.3,2.8,3.8,4,4,4,3,2.8,3.2,2,2.666666667,2.833333333,1.5,3.333333333,4,2,1,1,3,2,1,United Kingdom,Female,High School Diploma,English,British,Yes,23
aadf4797a58f2ba8642fe2e8bc9edcc771070768,4.45,4.6,4.3,4,3.9,4.1,3.85,4,3.7,4.25,4.3,4.2,2.15,2.1,2.2,1,1.333333333,1.5,2,1.333333333,2.333333333,1,1,1,2,1,1,Ireland,Male,Bachelor's Degree,English,Irish,No,43
ae1ef30ff6b19f8393acfce6e39e2f48acfaa3fa,3.95,4.1,3.8,4.1,4,4.2,3.45,3.5,3.4,4.5,4.8,4.2,3.3,3.5,3.1,2.666666667,3.5,2.5,1,2.666666667,3.833333333,1,1,1,4,1,3,United Kingdom,Female,High School Diploma,English,British,No,37
b0b0f93cf523f75072f9592620cd52a5d55310da,4.9,5,4.8,3.4,4.2,2.6,4.65,4.5,4.8,4.05,4.7,3.4,2.05,2.4,1.7,2.333333333,2.333333333,2,1.5,2.333333333,2.333333333,2,2,2,4,1,2,United Kingdom,Female,High School Diploma,English,English,Yes,20
b148215c85e28d603e4a793af74a4ca1e8999b50,4.4,4.6,4.2,3.25,3.2,3.3,3.15,3.2,3.1,3.8,3.8,3.8,2.5,2,3,2.333333333,2.833333333,2.5,2,2.5,3.166666667,2,1,1,3,2,1,United Kingdom,Male,Master's Degree,English,British,Yes,25
b159b716a806fafe541de9ad8dc7259ee82a6f6d,4.15,4.8,3.5,3.8,4.5,3.1,4,4.1,3.9,4.15,4.7,3.6,1.3,1.4,1.2,1.666666667,2.166666667,2.166666667,3.166666667,2.333333333,2.833333333,1,1,1,4,1,4,Germany,Male,Master's Degree,German,German,No,30
b1b3d61d6984a0d1137d047fc09ed013e246ca2a,4.35,4.3,4.4,2.3,2.9,1.7,4,3.7,4.3,3.95,4.7,3.2,3.45,3.1,3.8,1.666666667,2.166666667,2,2.333333333,2.5,2.666666667,2,1,1,3,4,1,Ireland,Female,Bachelor's Degree,English,Irish,No,28
b1fcf002ed06af85057e150a94b4bf3ab0c29b23,4,3.4,4.6,3.15,2.5,3.8,3.1,3,3.2,3.75,3.7,3.8,3.1,2.7,3.5,1.5,2.333333333,2.5,3.166666667,2.666666667,3.333333333,1,1,2,3,1,3,United Kingdom,Male,High School Diploma,English,English,Yes,19
b279a92cdc35f93c60542d1e111a23113719b368,3.25,3.7,2.8,3.35,3.4,3.3,3.75,3.5,4,3.75,4.3,3.2,3.65,4.2,3.1,2.166666667,2.666666667,2,2.5,2.166666667,2.166666667,3,1,1,4,2,1,United Kingdom,Female,Bachelor's Degree,English,British,Yes,26
b36ff417809a3209160b5cfe17479194c78d8c33,5,5,5,3.55,3.6,3.5,4.6,4.5,4.7,4.35,5,3.7,3.15,3.1,3.2,1.833333333,2.166666667,2,1.833333333,2.333333333,2.333333333,3,2,1,4,3,1,United Kingdom,Male,Bachelor's Degree,English,British,Yes,28
b3d420a168f7e92c5d7108fb2c84a369d7bcef02,3.4,3.8,3,3.2,2.6,3.8,2.9,2.8,3,3.8,4.1,3.5,3.95,4,3.9,2.333333333,3,3,1.5,2.333333333,2,3,1,4,4,3,3,Ireland,Female,Masters Degree,English,Irish,NA,23
b4c6fc1ca63d26479d92c4fea1ec136cba7b36e4,4.3,4.4,4.2,3.15,3.3,3,3.7,3.2,4.2,4.25,4.4,4.1,3.6,3.7,3.5,2,2.5,2.333333333,2.5,2.166666667,3.166666667,2,1,1,3,4,1,United Kingdom,Female,Master's Degree,English,English,Yes,22
b6420ec647c526ebc4bea061fe384d69e0655e6b,3.1,3.4,2.8,3.4,3.2,3.6,3.3,3.1,3.5,3.2,3.1,3.3,2.9,2.5,3.3,2,2.166666667,1.833333333,1.166666667,1.666666667,3.5,2,2,2,4,2,1,United Kingdom,Female,Master's Degree,English,British,No,24
b66151a57e5fffbd3ce3cb5c05ccdcf64202834c,4.2,4.5,3.9,3.05,2.8,3.3,2.75,2.2,3.3,3.15,3,3.3,3.7,3.7,3.7,1.666666667,2.5,1.833333333,1.333333333,2.666666667,2.5,1,1,1,2,2,1,United Kingdom,Male,Bachelor's Degree,English,English,No,36
b9a37e1c2f0d8c4b65a1fbc8e3d94b782c104e9d,3.35,3.2,3.5,3.7,3.4,4,3.25,3,3.5,4.7,4.6,4.8,3.2,2.7,3.7,2.166666667,2.166666667,1.833333333,1.833333333,2.666666667,2.166666667,1,1,3,2,1,1,Ireland,Female,Bachelors Degree,English,Irish,NA,45
ba0140b1f07afe5a5d1dcc4631d191e46f0e2aa6,3.1,3.5,2.7,3.9,3.6,4.2,3.75,3.3,4.2,4.35,4.5,4.2,2.7,2.7,2.7,2.333333333,3.166666667,3.333333333,1.833333333,2.333333333,3.333333333,1,1,1,1,1,1,United Kingdom,Female,Bachelor's Degree,English,British,No,34
bb54d9043897baec60d8a4e79e12e44e9f683a60,3.7,4.4,3,4.35,4.2,4.5,3.7,3.5,3.9,4,4.7,3.3,3.3,3.5,3.1,2.166666667,2.5,1.5,2.5,2.166666667,3,1,1,1,2,1,1,United Kingdom,Female,Bachelor's Degree,English,British,Yes,22
bc3cd8d596dd04958c70ea94aef22162eeba273a,4.4,3.8,5,3.45,2.9,4,3.9,3.8,4,4.05,4.9,3.2,4.15,4.3,4,2.666666667,3.333333333,2.666666667,2,2.5,3.166666667,1,1,2,3,1,2,United Kingdom,Female,Bachelor's Degree,English,British,Yes,36
c1625f7c78bf14eeaf50ba58502d3f76675e48e8,4.05,4.2,3.9,2.75,2.7,2.8,2.45,2.5,2.4,4.4,4.2,4.6,3.1,2.4,3.8,1.666666667,2.166666667,2.333333333,2.166666667,2.666666667,2.666666667,2,1,1,5,1,3,United Kingdom,Female,High School Diploma,English,British,No,33
c1f80830bbe297bf8792fc97f3ba33759862ba7d,4.1,4.2,4,4.1,4.1,4.1,3.85,3.5,4.2,4.5,4.7,4.3,2.8,2.9,2.7,1.666666667,2.333333333,1.833333333,2,1.833333333,2.666666667,1,1,1,3,1,1,United Kingdom,Male,Master's Degree,English,English,No,25
c34ea005be72bb77cef540e3aca08277b835b15d,3.7,3.8,3.6,4.1,3.4,4.8,2,2,2,3.65,3.3,4,4,3.7,4.3,1.833333333,2.166666667,1.833333333,2.666666667,2.166666667,3.5,2,1,4,3,3,2,United Kingdom,Female,Bachelor's Degree,English,British,No,29
c5fa00d2ce2f222bcf2dbd2f50628265af8db917,3.9,4.5,3.3,3.9,4.2,3.6,2.7,3,2.4,3.7,3.4,4,2.35,2,2.7,1.666666667,2.333333333,2,2.666666667,2.333333333,3.333333333,1,1,1,3,1,3,Germany,Male,Bachelor's Degree,German,German,Yes,33
c85bf2a6d49103e74a972b9d8f61c3cbe058d241,3.7,3.5,3.9,2.85,2.9,2.8,2.4,1.5,3.3,4.55,4.6,4.5,3.75,3.7,3.8,1.666666667,2.666666667,2.666666667,1.166666667,1.833333333,2.666666667,1,1,2,3,1,1,Ireland,Female,Masters Degree,English,Irish,NA,37
c905f342140aa0329b6c966421a71bca2538ad03,4.2,4.6,3.8,3.4,2.8,4,3.35,3.7,3,3.75,4.2,3.3,3.9,4.1,3.7,1.666666667,2,2.333333333,2.333333333,2.5,3.166666667,2,1,1,1,1,1,United Kingdom,Female,High School Diploma,English,English,No,43
ca431dbf332955457c3848fc52b04ee61d0ff4e9,3.55,3,4.1,3,3.3,2.7,3.65,3.4,3.9,4,4,4,1.9,1.9,1.9,2,2.166666667,1.833333333,2.5,1.833333333,2,1,1,2,3,1,2,United Kingdom,Female,Bachelor's Degree,English,Irish,Yes,48
cab8dfbaef8b27a2d22d0a6ae0027b1c51bcfbe0,2.8,3,2.6,3.5,3.5,3.5,3.4,3,3.8,3.8,3.8,3.8,2.85,2.8,2.9,2,2.5,2,3.333333333,2.166666667,3.5,1,1,1,4,2,3,United Kingdom,Female,Bachelor's Degree,English,British,No,33
cc0705c878d4d473c361cc27caa45976e5109b37,2.8,2.8,2.8,2.05,1.9,2.2,2.6,2,3.2,3.3,3.5,3.1,2.95,2.3,3.6,1.5,1.333333333,1.666666667,3.333333333,1.166666667,3.5,3,1,4,3,4,3,Portugal,Male,Bachelor's Degree,Portuguese,Portuguese,No,25
cc83651a479d4731eb169848bc1cc4b839e0d401,3.95,4.8,3.1,4,3.8,4.2,4,4.5,3.5,3.8,4.2,3.4,2.25,2.1,2.4,2.666666667,3.5,2.5,2.5,3.166666667,3.833333333,2,1,1,5,2,5,Germany,Male,Master's Degree,German,German,No,46
ce2345a7f7ff0787e1648b9d659e11c8b656d2aa,4.3,3.7,4.9,4.05,4.1,4,2.1,2.4,1.8,3.75,4.1,3.4,2.95,3.2,2.7,1.166666667,1.333333333,1.666666667,1.666666667,1.5,2.166666667,1,1,1,2,1,1,India,Male,NA,Hindi,Indian,No,31
d3ecddff05d731642b6956ef785d6e00cb271044,3.45,3.6,3.3,3.95,3.7,4.2,3.4,3.6,3.2,3.85,3.8,3.9,3.05,2.6,3.5,2.166666667,2.166666667,1.5,2.5,2.333333333,2,1,1,2,3,1,1,India,Male,Master's Degree,Kashmiri,Indian,No,25
d3f1e64c80b2a9cd7a59b3c4f28d6e1c49c0b5f2,3.85,4.2,3.5,3.9,3.7,4.1,2,2.3,1.7,3.5,4.1,2.9,2.7,2.4,3,2.333333333,3.166666667,2.666666667,1.666666667,2.166666667,2.833333333,1,1,1,2,1,1,Ireland,Male,Masters Degree,English,Irish,NA,35
d400b3d9544ef0cfb5d6c85889238736ac90df1a,4.2,4.9,3.5,4,4.1,3.9,2.55,3.5,1.6,3.8,3.5,4.1,2.85,2.4,3.3,1,1.666666667,1.5,1.5,1.833333333,1.333333333,1,1,3,3,1,1,Ukraine,Female,Master's Degree,Russian,German,Yes,40
d4d431a4bd44a03ce4ebe1d8d3b9422456451b56,3.6,3.5,3.7,2.8,2.3,3.3,3.15,2.6,3.7,4.85,4.9,4.8,3.15,2.5,3.8,1.333333333,2.666666667,2,1.666666667,2,3.333333333,1,2,2,3,2,2,Poland,Female,High School Diploma,Polish,Polish,No,21
d50e9ba39c432938ac934b84f102c1657bae7213,4.35,4.1,4.6,2.75,2.4,3.1,4.2,4.4,4,4,4.7,3.3,4,4.1,3.9,2.166666667,3,2.333333333,2.166666667,2.5,2.833333333,1,1,1,3,2,3,Ireland,Female,Master's Degree,English,Irish,No,47
d53c69205119f022bccba4a50c09f4ef9444f7c3,4.3,4.4,4.2,4.2,3.6,4.8,3.7,3.8,3.6,4.05,4.9,3.2,3.85,4.2,3.5,2.5,2.666666667,2.666666667,1.166666667,2.5,3,2,1,1,4,1,3,United Kingdom,Female,Bachelor's Degree,English,British,No,22
d686b4dabfd982249736fc27a3f6e66a31af724c,3.85,4.1,3.6,3.05,3,3.1,4.55,4.5,4.6,3.65,4,3.3,3.35,3.7,3,2.166666667,2.166666667,2.166666667,2,3,3.333333333,2,2,2,3,3,2,United Kingdom,Male,Bachelor's Degree,English,British,Yes,40
d6e8e60ff66011159327d2a943f245e25b4afee1,4,3.8,4.2,3.05,3.1,3,2.25,1.6,2.9,4.25,4.2,4.3,3.4,3.2,3.6,1.666666667,2.5,2.666666667,1.166666667,1.833333333,3.333333333,1,1,1,2,2,1,Ireland,Female,NA,English,Irish,No,19
d7aeb8f4c0e93a56b290fcd719e5c3848a2b19fd,4.05,3.8,4.3,2.45,2.3,2.6,2.5,2.2,2.8,4.7,4.7,4.7,3,2,4,1.833333333,3,2.666666667,1.666666667,2.333333333,4,1,1,3,4,3,2,Ireland,Male,Some University but no degree,English,Irish,NA,25
d7b5248a3f6c9e1a1f8d0cb02b7b9e4c5a371f86,3.85,4.6,3.1,3.75,3.8,3.7,3.35,3.6,3.1,3.35,3,3.7,3.6,4.4,2.8,2.5,2.666666667,2.5,2.333333333,2.833333333,3,1,1,2,4,1,2,Ireland,Male,Some University but no degree,English,Irish,NA,31
d7b5a0f355f32523598aa26e4d41f9e6bf52dbdf,3.9,3.8,4,3.05,3.1,3,1.95,2.5,1.4,2.2,1.4,3,2.7,3.3,2.1,1,1.833333333,1,1,1,1.166666667,2,4,1,1,1,1,United Kingdom,Male,High School Diploma,English,English,Yes,37
d82cc9d76c88283eaa3e3dd260c734d3e9e7571b,4.55,4.6,4.5,3.6,3.8,3.4,3.35,3.5,3.2,3.9,3.9,3.9,1.65,1.3,2,1.5,1.833333333,1,1.833333333,1.833333333,2,1,1,1,3,3,2,United Kingdom,Male,High School Diploma,English,English,Yes,34
da2ea7daeedd7a31def988599d9aa37652f4a4f2,3.6,3.7,3.5,3.65,3.6,3.7,2.8,2.8,2.8,4.3,3.9,4.7,2.5,2.3,2.7,1.166666667,1.833333333,2.666666667,1.833333333,2.333333333,2.666666667,1,1,2,4,1,1,United Kingdom,Female,Bachelor's Degree,English,British,No,39
da3d62251bec22f32a675f017349e2abb9cdf1b2,3.6,4.4,2.8,3.1,3.6,2.6,3.95,4.2,3.7,3.85,4,3.7,1.5,1.7,1.3,2.833333333,3.5,2.666666667,2.666666667,2.666666667,2.666666667,3,1,1,4,1,1,Germany,Male,High School Diploma,German,German,Yes,39
dc7a4f8e17c90b543f6e7bd810235d9a2c481b09,4.05,4,4.1,3.85,3.8,3.9,3.2,3.2,3.2,4.6,4.6,4.6,3.15,2.7,3.6,1.666666667,2,1.333333333,1,2,1.833333333,1,1,1,1,1,1,Ireland,Female,PhD,English,Irish,NA,32
dd4cd44149b667b9d8f84409761f231ed2d423b9,3.35,3.4,3.3,2.45,2.2,2.7,3.05,2.5,3.6,4.1,3.9,4.3,3.1,2.5,3.7,2.166666667,2.666666667,2.166666667,3,2.666666667,3.666666667,1,1,3,3,3,1,Germany,Male,Bachelor's Degree,German,German,No,29
ddb3f50bb0a7618b21583ebe55cb4b99c22ea6f8,3.6,3.9,3.3,4.15,3.8,4.5,3.75,3.8,3.7,3.6,3.5,3.7,2.1,1.9,2.3,1.833333333,2.666666667,1.333333333,1.333333333,1.666666667,3.666666667,1,1,1,3,1,1,United Kingdom,Male,High School Diploma,English,English,Yes,18
de269688007576c69d0796dc63c739240bbe4aa2,3.45,3.9,3,3.8,3.8,3.8,2.75,2.9,2.6,3.3,2.9,3.7,2.4,1.6,3.2,2.166666667,2.666666667,2,1.666666667,2.5,2.833333333,1,1,1,2,2,2,United Kingdom,Male,Ph.D. or higher,English,British,Yes,66
e047799e0fddfac46183a1c6d989d525db5255c3,4.75,5,4.5,4.7,4.9,4.5,4.5,4.5,4.5,4.3,5,3.6,1.3,1.3,1.3,2.166666667,2.833333333,1.833333333,2,2.833333333,3.5,1,1,1,5,1,2,United Kingdom,Female,Bachelor's Degree,English,British,No,37
e1b263e3cad4af298b27d2a0b2fe89b990b31049,2.3,1.9,2.7,2.8,2.6,3,3.45,3.1,3.8,4.4,4.7,4.1,3.35,2.9,3.8,2.166666667,2.833333333,3,1.666666667,3.333333333,4,2,2,1,2,1,1,United Kingdom,Female,High School Diploma,English,British,No,32
e24c4bfdf06f46aa99e9d70dfd84fdaeab6f4fc2,4.2,4.1,4.3,2.95,3.2,2.7,3.35,2.8,3.9,3.95,4.4,3.5,1.95,2.1,1.8,1.166666667,1.333333333,1.166666667,1,1.5,1.666666667,1,1,1,2,1,2,United Kingdom,Female,Bachelor's Degree,English,British,Yes,70
e3c5ea214492bf8130ced75da335e5310d3475b2,4.25,4.3,4.2,3.85,4.4,3.3,4.05,4.2,3.9,3.75,4,3.5,2.25,2.2,2.3,1.833333333,2.5,1.666666667,2.333333333,2.833333333,3.333333333,1,1,1,4,1,1,Ireland,Female,NA,English,Irish,No,38
e53fdb6c8a427f9f33f3ff39d46ce15f77d179b7,4,4.2,3.8,3.5,3,4,3.95,4.2,3.7,3.6,3.9,3.3,3.55,3.5,3.6,1.5,2.333333333,1.666666667,2,2,2.833333333,2,1,1,3,1,3,Ireland,Male,Bachelor's Degree,English,Irish,Yes,47
e82e4f021d2c8ccc8b272af1ffc0612bbe17d63d,3.55,3.8,3.3,3.15,2.6,3.7,3.7,3.1,4.3,3.75,4.6,2.9,2.35,1.9,2.8,1.666666667,2.5,2.5,1.5,2.666666667,1.833333333,2,3,2,4,4,3,Ireland,Female,Master's Degree,English,Irish,Yes,32
e82e4f021d2c8ccc8b272af1ffc0612bbe17d63d,3.6,3.9,3.3,3.05,2.2,3.9,3.75,3.1,4.4,3.85,4.9,2.8,2.1,1.7,2.5,2,2.166666667,2.666666667,1.833333333,2.833333333,1.166666667,2,2,2,4,1,2,Ireland,Female,Master's Degree,English,Irish,No,32
eb14b6a2ef96e89d28cad7e94d07cc4b8bda9824,2.85,2.6,3.1,2.65,2.3,3,2.45,1.8,3.1,4.65,4.6,4.7,3.8,3.4,4.2,2.166666667,2.833333333,2.666666667,1.833333333,2.833333333,3.166666667,1,2,2,2,2,1,United Kingdom,Male,High School Diploma,English,British,No,38
ebde2b31c71e66eb0657d108568705576ef1b3a6,4,3.6,4.4,3.35,3.5,3.2,2.45,1.9,3,4.7,4.6,4.8,3.5,3.6,3.4,2.333333333,2.833333333,3.5,1.833333333,3.333333333,4.5,2,2,2,4,4,3,United Kingdom,Female,High School Diploma,English,British,No,46
ec756995d72ef50ea7baa0ad2eac39ab191e43f6,2.9,2.8,3,2.65,2.3,3,2.65,2.3,3,3.05,3,3.1,3.4,3.8,3,2,2.333333333,2.166666667,2.166666667,2.333333333,2.833333333,2,1,1,3,1,1,Poland,Male,High School Diploma,Polish,Polish,No,18
ee80e73ad97f56ac8be1a89cd9b887f1fa4721da,3.7,3.8,3.6,3.8,3.9,3.7,3.55,3.4,3.7,4,4,4,2.1,1.7,2.5,3,2.666666667,2.666666667,1.833333333,3.166666667,3.666666667,3,1,1,4,2,4,Portugal,Male,Bachelor's Degree,Portuguese,Portuguese,No,20
f09875c2a179437aeaf3c960e87304e23c07f31e,3.5,3.7,3.3,3.4,3.3,3.5,3,3.1,2.9,3.9,4.3,3.5,2.65,2.8,2.5,2.5,3,2,3,2,3.166666667,1,1,1,3,1,1,United Kingdom,Male,Bachelor's Degree,English,English,No,21
f15ffb2b29770d3b83e5c7184296c88cb5fb89f5,3.8,3.7,3.9,2.85,3.1,2.6,3.7,3.6,3.8,4.45,4.4,4.5,2.4,2.3,2.5,1.666666667,2.833333333,1.833333333,3,3.333333333,1.333333333,2,2,3,5,3,4,Germany,Female,Master's Degree,German,German,No,52
f2ec02d17b0e83fe1ca49066eb0a99aceb1d752b,3.55,4.1,3,4.4,4.3,4.5,3.75,4,3.5,3.5,3.5,3.5,3.25,3.3,3.2,2.166666667,3,2.833333333,2.333333333,3,3.166666667,1,1,2,2,1,2,Greece,Female,Master's Degree,Greek,Greek,No,39
f303faf463a1420d670aac08230cf147534a2133,2.65,2.3,3,2.5,2.1,2.9,2.1,1.7,2.5,2.6,2.2,3,4.55,5,4.1,1.833333333,2.166666667,1.833333333,2.333333333,2.5,2,2,1,2,1,4,1,United Kingdom,Male,Male,English,Irish,No,49
f4998b5f4ac153b52e8130cc541ceab807bbc7e4,3.95,4.5,3.4,4.45,4.3,4.6,3.45,3.5,3.4,3.75,3.3,4.2,1.95,1.7,2.2,3.166666667,3.5,2.666666667,2.5,2.833333333,4,1,1,3,4,1,4,"Macedonia, the Former Yugoslav Republic of",Male,Bachelor's Degree,Macedonian,Macedonian,Yes,37
f64a57128e60fe64c4a01d0a0d074cd015f349ac,3.25,3.5,3,2.85,3.1,2.6,3.1,2.6,3.6,3.3,3.5,3.1,3.1,3.1,3.1,2.5,2.833333333,2.166666667,2.5,2.5,3.333333333,3,2,2,4,2,3,United Kingdom,Male,Bachelor's Degree,English,English,No,27
f6ff5069925f40164d320a8f2eab3388a1672ee6,3.7,3.5,3.9,3,2.4,3.6,2.85,2.5,3.2,4.25,4.7,3.8,3.95,4,3.9,2.166666667,2.666666667,2.166666667,2.166666667,2.666666667,2.666666667,1,1,1,2,2,1,United Kingdom,Female,Master's Degree,English,British,No,34
f82e9c0d5b436a718374b0f21c9daeb627c15f4a,3.6,3.6,3.6,4.4,4.2,4.6,2.45,2.6,2.3,3.65,2.7,4.6,1.75,1.3,2.2,1.833333333,2.666666667,1.5,1.5,2.166666667,3.333333333,1,1,1,3,1,1,Ireland,Male,Bachelors Degree,English,Irish,NA,30
fa50279bc7835b2ca0c712f5738c96b19185f397,3.3,4.1,2.5,3.7,3.6,3.8,3.8,4,3.6,3.35,3.8,2.9,3.5,3.8,3.2,2.5,2.333333333,3.333333333,3,3.166666667,2.833333333,2,4,1,3,2,1,Germany,Female,Bachelor's Degree,German,German,No,35
fc6c09f60b19b99bf77fbc1d54934bb1e38f914f,3.85,4.2,3.5,3.25,3.7,2.8,3.5,3.8,3.2,4,3.8,4.2,1.95,1.8,2.1,1,1.666666667,1.166666667,2.5,2,2.5,1,1,1,4,1,2,South Africa,Female,Bachelor's Degree,English,South African,No,28
fe234b9a7f06c185bfff7e648ed4dd2dfc549ef6,3.25,3.1,3.4,4.15,4.6,3.7,3.5,2.7,4.3,3.95,3.8,4.1,2.6,2.5,2.7,2.333333333,1.833333333,3,3,3.5,4.333333333,1,1,1,3,2,2,United Kingdom,Male,Some High School,English,British,Yes,59
fec15e215f18318f0240fedba8b12d3c516aa4a3,4.2,3.7,4.7,4.05,3.7,4.4,3.25,2.9,3.6,3.65,3.7,3.6,4,4.1,3.9,2,2,1.833333333,2,2.166666667,2.833333333,2,1,2,3,1,1,Germany,Female,Bachelor's Degree,German,German,No,25
ff5744b038a3a41532a7c5c5044779314b419983,4.15,4.1,4.2,2.15,2.3,2,3.05,2.7,3.4,4.25,4.3,4.2,3.2,2.9,3.5,1.666666667,2.666666667,3.166666667,2.166666667,3.333333333,4,3,2,1,4,4,1,United Kingdom,Female,Some Trade School,English,Irish,Yes,35
ff5744b038a3a41532a7c5c5044779314b419983,4.1,3.5,4.7,1.75,1.8,1.7,3.25,3,3.5,4.55,4.6,4.5,3.05,2.6,3.5,1.5,2.5,3.333333333,2,2.666666667,3.666666667,3,1,1,2,4,2,United Kingdom,Female,Some Trade School,English,Irish,Yes,35